"BROKEN","EPIC","FAILED","FEATURE","PASSED","SKIPPED","STORY","UNKNOWN"
"0","","1","Login Page Elements Tests","0","0","","0"
"2","","0","IntainVA Admin processorDashboard","0","0","","0"
"1","","0","Fielddashboard","0","0","","0"
"0","","0","IntainVA Automation","4","0","","0"
"0","","0","IntainVA","1","0","","0"
"2","","0","processorDashboard","0","0","","0"
"0","","0","IntainVA Automation - Invalid Login Test","1","0","","0"
"1","","0","IntainVA Automation logIn Page","0","0","","0"
"1","","0","IntainVA_adminDashboard","0","0","","0"
"0","","0","Login Page Elements","1","0","","0"
"0","","0","IntainVA Processor Dashboard","1","0","","0"
"1","","0","IntainVA - Admin Fielddashboard","0","0","","0"
